{
    "rmse": 0.5415339064869346,
    "mae": 0.4164843749999999,
    "r2": 0.5512527276259358
}